﻿{"recover": "[1]修补方块[2]块",
"sklAbsorb": "[0]挖走方块",
"sklAccumulate": "[0]开始[暴击]",
"sklAccumulated": "[1]破坏力加强",
"sklAccumulateCancel": "[1]的[暴击]被打消了",
"sklAssassinate1": "[0][隐身]到[1]家里",
"sklAssassinate2": "[0]发动[盗挖]",
"dodge": "但这对[0]的建筑并没有什么用",
"sklAssassinateFailed": "[0]的[隐身]被识破",
"sklBerserkEnd": "[1]从[疯狂]中解除",
"sklBerserkAttack": "[0]发起[疯狂攻击]",
"sklBerserkHit": "[1]进入[疯狂]状态",
"sklBerserk": "[0]使用[疯狂术]",
"sklCharge": "[0]开始[筹钱]",
"sklChargeCancel": "[1]的[筹钱]被中止了",
"sklCharmEnd": "[1]从[吸引]中解除",
"sklCharm": "[0]使用[吸引]",
"sklCharmHit": "[1]被[吸引]了",
"sklClone": "[0]使用[床分身]",
"sklCloned": "出现一个新的[1]的床",
"sklCritical": "[0]发动[会心一挖]",
"sklCurseDamage": "[燃烧]使破坏加倍",
"sklCurseEnd": "[1]的床从[燃烧]中解除",
"sklCurseHit": "[1]的床被[燃烧]了",
"sklCurse": "[0]使用[燃烧]",
"sklDisperse": "[0]使用[水桶]",
"sklExchange": "[0]使用[切换床]",
"sklExchanged": "[1]的床与[0]互换",
"sklFire": "[0]使用[火球术]",
"sklHalf": "[0]使用[连环爆炸]",
"sklHalfDamage": "[1]的家方块减少[2]%",
"sklHasteEnd": "[1]从[疾速]中解除",
"sklHaste": "[0]使用[加速药水]",
"sklHasteHit": "[1]进入[疾速]状态",
"sklHeal": "[0]使用[修补基地]",
"sklIceEnd": "[1]从[冰冻]中解除",
"sklIceHit": "[1]被[冰冻]药水砸中了",
"sklIce": "[0]扔出[冰冻]药水",
"sklIron": "[0]发动[黑曜石]",
"sklIrond": "[0]的床的防御力大幅上升",
"sklIronCancel": "[1]的[黑曜石]被打烂了",
"sklIronEnd": "[0]的[黑曜石]消失了",
"sklPoisonDamage": "[1][毒性发作]",
"sklPoisonEnd": "[1]从[中毒]中解除",
"sklPoisonHit": "[1][中毒]",
"sklPoison": "[0][投毒]",
"sklQuake": "[0]使用[疯狂挖掘]",
"SklRapid": "[0]发起破坏",
"SklRapidNext": "[0][连拆]",
"sklRevive": "[0]使用[重新建床]",
"sklRevived": "[1][重新加入游戏]了",
"sklPossess": "[0]使用[附体]",
"sklShadow": "[0]使用[雪球]",
"sklShadowName": "蠹虫",
"sklShadowed": "召唤出[1]",
"sklSlowEnd": "[1]从[迟缓]中解除",
"sklSlow": "[0]使用[迟缓药水]",
"sklSlowHit": "[1]进入[迟缓]状态",
"sklExplode": "[0]使用[自爆]",
"sklSummon": "[0]使用[铁傀儡蛋]",
"sklSummonName": "铁傀儡",
"sklSummoned": "召唤出[1]",
"sklThunder": "[0]使用[雷击术]",
"sklThunderEnd": "可是对[0]的家并没有什么用",
"benchmarking": "实力评估中...[2]%",
"benchmarkScore": "》 实力评分: [2]",
"benchmarkSkill": "频率: [2]%",
"bossName_aokiji": "青雉",
"sklAokijiDefend": "[0][吸收]所有冰冻伤害",
"sklAokijiIceAge": "[0]使用[冰河时代]",
"bossName_conan": "柯南",
"sklConanThinking": "[0]正在进行推理",
"sklConanThinkingFinish": "[0]推理完毕",
"sklConanThinkingFinish2": "真相只有一个",
"sklConanThinkingFinish3": "凶手就是你",
"sklConanKillLast": "[1]",
"sklConanKill": "[0]在一间密室中发现了[1]的尸体",
"bossName_ikaruga": "斑鸠",
"sklIkarugaDefend": "[0][吸收]所有奇数伤害",
"sklIkarugaAttack": "[0]使用[能量释放]",
"bossName_lazy": "懒癌",
"sklLazyDamage": "[1][懒癌]发作",
"sklLazySkipTurn1": "[0]打开了[Steam]",
"sklLazySkipTurn2": "[0]打开了[守望先锋]",
"sklLazySkipTurn3": "[0]打开了[文明6]",
"sklLazySkipTurn4": "[0]打开了[英雄联盟]",
"sklLazySkipTurn5": "[0]打开了[微博]",
"sklLazySkipTurn6": "[0]打开了[朋友圈]",
"sklLazySkipTurn0": "这回合什么也没做",
"sklLazyHit": "[1]感染了[懒癌]",
"sklAttack": "[0]发起攻击",
"bossName_mario": "马里奥",
"bossMarioGrow10": "[0]得到[蘑菇]",
"bossMarioGrow11": "[0]攻击力上升",
"bossMarioGrow20": "[0]得到[火焰花]",
"bossMarioGrow21": "[0]学会[火球术]",
"bossMarioGrow30": "[0]得到[奖命蘑菇]",
"bossMarioLife": "[0]还剩[2]条命",
"bossMarioRevive": "[0]满血复活",
"bossName_mosquito": "蚊",
"bossName_slime": "史莱姆",
"sklSlimeSpawn": "[0][分裂]",
"sklSlimeSpawned": "分成了[0] 和  [1]",
"bossName_sonic": "索尼克",
"bossName_yuri": "尤里",
"sklYuriControl": "[0]使用[心灵控制]",
"endMessage": "你已经玩了[0]局了",
"continueGame": "继续游戏",
"navigationLink": "navigation.html",
"weiboAdd1": "选择好友",
"weiboAdd2": "全部好友",
"weiboShare": "分享到微博",
"weiboStatusDual": "@[0] 和  @[1] 在#名字竞技场#中决斗，",
"weiboStatusFriends": "我和好友们在#名字竞技场#中展开大战，",
"weiboStatusMeKilled": "混战中我被 @[0] 打倒，",
"weiboStatusAny": "在#名字竞技场#里试了这几个名字对战，",
"weiboStatusFinish": "一番激战之后 @[0] 最终获胜。",
"weiboShareSend": "发送",
"weiboStatusUrl": " 点开查看全部战斗过程：",
"errorMaxPlayer": "错误，目前最多支持1000人PK",
"errorMinPlayer": "错误，请至少输入两行名字",
"welcome": "起床战争",
"welcome2": "(MD5大作战10周年纪念)",
"winnerName": "胜者",
"score": "得分",
"killedCount": "破坏",
"killerName": "致命一拆",
"loserName": "败者",
"returnTitle": "返回",
"shareTitle": "分享",
"helpTitle": "帮助","HP": "HP",
"detail": " 拆 [] 防 [] 速 [] 敏 [] 魔 [] 抗 [] 智 []",
"inputTitle": "名字竞技场",
"inputPlaceholder": "每行输入一个名字  \n  \n组队对战时用空行隔开组队",
"startFight": "开 始",
"closeTitle": "关闭",
"fastTitle": "快进",
"challengeLabel": "挑战Boss",
"selectBossHint": "选择Boss",
"win": "[2]获得胜利",
"minionDie": "[1]变成了白雾",
"damage": "[1]的床受到[2]点伤害",
"die": "[1]的床被拆毁了",
"sklMagicAttack": "[0]发起破坏",
"sklCounter": "[0]发起[复仇]",
"defend": "[0][防御]",
"sklMerge": "[0][占领]了[1]的土地",
"sklMerged": "[0]装备加强",
"sklProtect": "[0][保护护][1]",
"sklReflect": "[0]使用[炸弹反射]",
"sklReraise": "[0]使用[防拆符]阻止了床的损坏",
"sklUpgrade": "[0]做出[垂死]抗争",
"sklUpgraded": "[0]所有装备加强",
"sklUpgradeCancel": "[1]的[垂死]属性被打消",
"sklZombieName": "末影龙",
"sklZombie": "[0][召唤末影龙]",
"sklZombied": "[2]变成了[1]",
"weaponDeathNoteAtk": "[0]在[死亡笔记]写下[1]的名字",
"weaponS11_0": "[0]在促销日[购买]了武器",
"weaponS11_1": "但是并没有什么用",
"weaponS11_2": "增加了[2]点",
"weaponS11Done1": "[0]信用卡刷爆",
"weaponS11Done3": "[0]砍下了自己的左手",
"weaponS11Done2": "[0]砍下了自己的右手"}